tile,n_pixels,rmse,mae,bias,r2,true_mean,true_std,pred_mean,cci_sd_mean,cci_sd_rms,frac_sd_gt0,rmse_over_cci_sd,frac_within_1sd,frac_within_2sd
lat+58.5702_lon+014.6635_00058,65536,6.264720439910889,4.127752304077148,3.4467525482177734,0.8785340763638178,2.7984771728515625,17.975229263305664,6.245229721069336,0.909515380859375,5.838028907775879,0.026947021484375,1.07308828830719,0.8154020385050963,0.9263873159682899
lat+67.9602_lon+019.1191_00015,65536,7.161281108856201,3.972848892211914,-2.6071105003356934,0.3360761713504751,2.0310211181640625,8.788840293884277,-0.5760893821716309,0.9454803466796875,4.174593448638916,0.0569000244140625,1.7154439687728882,0.2475194422097077,0.8431214802896219
lat+67.9083_lon+017.4423_00050,65536,8.838462829589844,4.2602763175964355,-0.36875227093696594,-0.5762907756211344,0.998504638671875,7.039771556854248,0.6297522783279419,0.4397735595703125,3.1915974617004395,0.0221099853515625,2.7692911624908447,0.4927536231884058,0.8171152518978606
lat+63.9760_lon+012.7920_00054,65536,10.371109008789062,6.133905410766602,-0.40254878997802734,0.7178637320737172,11.47747802734375,19.525211334228516,11.074929237365723,5.6953277587890625,11.175092697143555,0.41986083984375,0.9280557632446289,0.5289286233464167,0.8798153801424625
lat+67.0971_lon+018.7902_00014,65536,12.904457092285156,8.150245666503906,-3.921180009841919,0.8117512142508903,21.261932373046875,29.742237091064453,17.34075164794922,13.614913940429688,23.446388244628906,0.3779449462890625,0.5503814220428467,0.907868706851306,0.9941459081916912
lat+61.6184_lon+014.0826_00032,65536,13.041136741638184,9.673877716064453,3.2655930519104004,0.7673264885750258,34.951446533203125,27.03597068786621,38.217041015625,16.931015014648438,21.1967716217041,0.92132568359375,0.6152416467666626,0.7666280225240146,0.9276416031798609
lat+67.5570_lon+019.0113_00001,65536,13.285306930541992,9.43140983581543,-5.671872615814209,0.39794759908514765,12.982421875,17.121997833251953,7.310549736022949,6.520294189453125,10.783490180969238,0.437347412109375,1.2320044040679932,0.4472821156932524,0.9219175214569814
lat+55.4811_lon+013.1904_00024,65536,13.44589900970459,6.91130256652832,2.752701997756958,0.7869698463861101,10.302322387695312,29.131933212280273,13.055024147033691,5.1798858642578125,17.53207015991211,0.29547119140625,0.7669315934181213,0.37760793224540384,0.5703883495145631
lat+65.2031_lon+014.7053_00065,65536,13.85651683807373,7.448134422302246,1.7534555196762085,0.33807203150881393,7.0054931640625,17.031335830688477,8.75894832611084,3.4213714599609375,9.260536193847656,0.1745452880859375,1.4962974786758423,0.6689395926217326,0.9560276247923769
lat+58.5221_lon+012.8649_00045,65536,13.865700721740723,7.10186767578125,4.272052764892578,0.8358720130179038,14.674423217773438,34.225555419921875,18.946475982666016,5.2554168701171875,12.799802780151367,0.2483367919921875,1.0832746028900146,0.5203686635944701,0.7289708141321044
lat+67.8793_lon+022.8541_00021,65536,13.887927055358887,10.780414581298828,6.326686382293701,0.6485713790037131,43.248992919921875,23.4271183013916,49.575679779052734,26.683258056640625,30.43952178955078,0.9470977783203125,0.456246554851532,0.8884950619471879,0.9657800190111006
lat+61.6339_lon+012.5742_00073,65536,14.825248718261719,9.188997268676758,5.677414894104004,0.7614571878061065,24.005126953125,30.354202270507812,29.682540893554688,11.285064697265625,18.290380477905273,0.517303466796875,0.8105489611625671,0.6770691994572592,0.9301811102589818
lat+67.8024_lon+021.6098_00033,65536,14.975168228149414,11.327278137207031,3.9781808853149414,0.5952044703946691,39.37945556640625,23.53714942932129,43.357635498046875,25.457977294921875,29.667388916015625,0.912506103515625,0.5047686696052551,0.9028126149627103,0.9790976890405003
lat+64.8063_lon+013.9387_00091,65536,16.159988403320312,10.171460151672363,2.912226676940918,0.7057328005357961,19.454742431640625,29.78997230529785,22.366968154907227,9.061004638671875,17.320640563964844,0.3582305908203125,0.9329902529716492,0.6307449844528688,0.9253737700728373
lat+61.4803_lon+014.6401_00097,65536,16.722797393798828,12.838363647460938,0.8731460571289062,0.7338397356462352,61.73309326171875,32.41435241699219,62.60623550415039,36.39599609375,40.56608963012695,0.94183349609375,0.41223588585853577,0.9329110232648564,0.984382088004666
lat+61.5057_lon+014.7455_00005,65536,16.821395874023438,13.01213264465332,2.505476474761963,0.7351602529753302,60.50306701660156,32.68665313720703,63.008544921875,33.4825439453125,37.521942138671875,0.9311065673828125,0.44830822944641113,0.9067206371576998,0.976352403271005
lat+67.1878_lon+020.4789_00027,65536,17.37226104736328,13.466939926147461,2.4269258975982666,0.6299960205589985,52.803314208984375,28.559667587280273,55.23023986816406,32.635772705078125,37.07191467285156,0.8980560302734375,0.4686097502708435,0.901639622801801,0.9796958627134483
lat+66.4712_lon+018.1860_00059,65536,17.607595443725586,11.242635726928711,2.244873285293579,0.7592365980845441,24.508636474609375,35.88433074951172,26.753511428833008,15.098052978515625,26.71841812133789,0.3570098876953125,0.659005880355835,0.9002008804547592,0.9816643159379408
lat+65.1313_lon+015.2360_00018,65536,17.783655166625977,10.40108871459961,6.485951900482178,0.5758943797489158,17.5958251953125,27.307628631591797,24.081775665283203,8.715484619140625,16.40403938293457,0.3449249267578125,1.0841021537780762,0.6077416500774165,0.9255474452554745
lat+65.2071_lon+015.3209_00070,65536,18.044694900512695,10.38753604888916,5.963645935058594,0.5928242481712315,16.696334838867188,28.278644561767578,22.65998077392578,8.589447021484375,17.304386138916016,0.322265625,1.0427815914154053,0.5893465909090909,0.9545454545454546
lat+66.6482_lon+018.6290_00066,65536,18.840797424316406,13.849593162536621,7.675821304321289,0.6592399882818222,37.281829833984375,32.27565002441406,44.95764923095703,19.54217529296875,26.185317993164062,0.6589813232421875,0.7195175886154175,0.795563479750851,0.9715886725171927
lat+67.6523_lon+023.0615_00034,65536,19.135099411010742,15.32748031616211,10.162385940551758,0.554175465376342,44.54029846191406,28.65818977355957,54.70268249511719,24.250869750976562,28.813636779785156,0.9298553466796875,0.6640987396240234,0.7022268169809154,0.8733323487421848
lat+66.9127_lon+017.5199_00039,65536,19.232894897460938,12.62663459777832,8.984521865844727,0.6827999867687455,20.265243530273438,34.14900588989258,29.249767303466797,12.010711669921875,23.59356689453125,0.281463623046875,0.8151753544807434,0.9070259134771766,0.9969098991651306
lat+58.7134_lon+016.7782_00064,65536,19.51177406311035,14.571768760681152,0.9623351097106934,0.8355125434191221,58.9449462890625,48.10944747924805,59.907283782958984,26.53802490234375,34.63107681274414,0.74798583984375,0.5634180307388306,0.7911056711546308,0.9060995512035904
lat+65.9057_lon+016.6585_00053,65536,19.669023513793945,14.512750625610352,8.817447662353516,0.7572861045806074,44.591583251953125,39.92413330078125,53.40903091430664,26.818267822265625,36.03325271606445,0.5992889404296875,0.5458575487136841,0.9381795035009548,0.9904519414385742
lat+58.9563_lon+013.0949_00096,65536,19.8165283203125,12.414031982421875,9.952195167541504,0.7444444091376885,24.276412963867188,39.19989013671875,34.228607177734375,9.874267578125,19.23443031311035,0.36529541015625,1.0302633047103882,0.5519632414369257,0.7801169590643274
lat+62.2352_lon+014.5236_00068,65536,19.974254608154297,15.232088088989258,12.42477798461914,0.6181013473493467,37.12359619140625,32.32187271118164,49.54837417602539,15.707351684570312,21.189228057861328,0.893035888671875,0.9426608085632324,0.5034172846256365,0.7208249325086287
lat+60.3117_lon+013.8347_00020,65536,20.147693634033203,15.77639389038086,-1.7227210998535156,0.7804384773430781,63.17085266113281,42.99789810180664,61.44812774658203,35.544281005859375,43.52806091308594,0.830474853515625,0.46286678314208984,0.8650277440928967,0.9471392349244846
lat+59.3482_lon+013.3680_00026,65536,20.269683837890625,14.958321571350098,7.596594333648682,0.846726788309514,34.04158020019531,51.774253845214844,41.63817596435547,14.131072998046875,26.053831100463867,0.378082275390625,0.7779924273490906,0.7429574622649124,0.8708935345871337
lat+62.7054_lon+016.4458_00011,65536,20.311777114868164,15.78706169128418,1.4889963865280151,0.8229882598298262,64.02476501464844,48.27773666381836,65.51376342773438,31.126205444335938,39.164432525634766,0.7928314208984375,0.5186281204223633,0.8228795781289093,0.9218614676956831
lat+63.3935_lon+014.4350_00038,65536,20.407997131347656,16.1964111328125,9.14687442779541,0.6783323327149235,62.11299133300781,35.98294448852539,71.2598648071289,36.507293701171875,42.271339416503906,0.9078369140625,0.4827856719493866,0.858914885034288,0.956148312491596
lat+62.4412_lon+015.6524_00002,65536,20.490192413330078,16.255599975585938,6.726996898651123,0.6697178884805943,66.74761962890625,35.65361022949219,73.47461700439453,36.54231262207031,41.2744140625,0.934173583984375,0.4964381158351898,0.8788017379373427,0.9685407206559733
lat+65.7008_lon+018.6209_00087,65536,20.608179092407227,15.968531608581543,11.585232734680176,0.5489218965223958,45.39695739746094,30.684125900268555,56.98219299316406,27.98126220703125,33.67584228515625,0.8592529296875,0.6119573712348938,0.8180849552493252,0.9432802954965194
lat+68.1915_lon+020.2047_00088,65536,20.627294540405273,15.327169418334961,-12.088956832885742,0.34435404754087307,28.827301025390625,25.474613189697266,16.738344192504883,16.871337890625,22.42744255065918,0.6839752197265625,0.9197345972061157,0.6172225320691578,0.9674065811489124
lat+58.5880_lon+015.6400_00000,65536,20.62990951538086,15.381153106689453,-5.582254409790039,0.8507227219311999,78.28706359863281,53.394989013671875,72.70480346679688,37.92790222167969,46.315399169921875,0.7862701416015625,0.4454222619533539,0.8969124182499175,0.9567622115701838
lat+64.5377_lon+014.8876_00031,65536,20.812660217285156,16.344181060791016,12.699287414550781,0.653024362102093,50.858428955078125,35.332801818847656,63.557716369628906,30.4923095703125,37.18113327026367,0.86138916015625,0.55976402759552,0.8267731878409976,0.9537483171543967
lat+59.2563_lon+015.3601_00086,65536,20.928386688232422,13.832287788391113,6.831199645996094,0.8390320874010762,34.12077331542969,52.163421630859375,40.95197296142578,17.205718994140625,31.783964157104492,0.427215576171875,0.6584573984146118,0.6827273376669762,0.766376169726409
lat+67.0744_lon+021.4346_00084,65536,21.007816314697266,16.464582443237305,11.949312210083008,0.4696158818818522,46.17912292480469,28.84600257873535,58.12843322753906,26.991409301757812,31.784408569335938,0.9259185791015625,0.6609472036361694,0.7860944941579736,0.9299945617244277
lat+64.6657_lon+014.1359_00075,65536,21.098756790161133,15.714202880859375,12.327859878540039,0.6633053730901763,41.14402770996094,36.36124801635742,53.471885681152344,21.756942749023438,29.56156349182129,0.6826934814453125,0.7137226462364197,0.7390089626964083,0.9472296104244429
lat+62.9300_lon+016.0267_00016,65536,21.288166046142578,16.44063377380371,2.8606550693511963,0.761438026515111,72.23373413085938,43.585060119628906,75.09439086914062,37.80426025390625,43.851322174072266,0.8757781982421875,0.48546236753463745,0.8684031710079275,0.9557626970990505
lat+57.2128_lon+016.0797_00030,65536,21.549053192138672,16.56350326538086,-1.1880193948745728,0.7753966640120845,83.81546020507812,45.46949005126953,82.62744140625,47.88890075683594,54.74201202392578,0.8868865966796875,0.3936474323272705,0.9107926294238081,0.9530306419145606
lat+57.0668_lon+015.7669_00046,65536,21.58184051513672,16.780670166015625,-2.7035281658172607,0.6241528594987399,90.31465148925781,35.2032585144043,87.61112213134766,52.26646423339844,55.99795913696289,0.9666290283203125,0.3854040503501892,0.9381679268812452,0.9727383226254558
lat+60.4972_lon+017.0285_00042,65536,21.661516189575195,17.18060302734375,7.068783283233643,0.7392325745047461,95.39459228515625,42.41917037963867,102.46337890625,53.34123229980469,58.53594970703125,0.933837890625,0.3700549304485321,0.9241830065359478,0.9698039215686275
lat+57.1454_lon+014.4573_00003,65536,21.897884368896484,17.131258010864258,0.10049927234649658,0.7420025137672994,80.29119873046875,43.11162567138672,80.39169311523438,40.87248229980469,46.35641098022461,0.9237823486328125,0.47238093614578247,0.862572471548207,0.9454914851092648
lat+63.1528_lon+012.8403_00036,65536,21.992433547973633,14.753990173339844,12.24899673461914,0.36511583003849646,25.383544921875,27.601078033447266,37.63254165649414,11.997787475585938,18.03292465209961,0.6716766357421875,1.2195711135864258,0.43020059519752835,0.812421908721234
lat+58.5547_lon+011.5871_00007,65536,22.585800170898438,16.909055709838867,-1.4489556550979614,0.8150923376911161,72.26353454589844,52.52402877807617,70.8145751953125,40.33891296386719,49.915950775146484,0.801788330078125,0.4524766206741333,0.860769611388117,0.9389106687473833
lat+61.4486_lon+016.2067_00037,65536,22.723039627075195,18.166946411132812,-1.924626111984253,0.7186480432078293,76.81929016113281,42.839210510253906,74.89466857910156,41.73194885253906,48.35203170776367,0.9166412353515625,0.4699500501155853,0.8617848284587085,0.9462820235380287
lat+59.5245_lon+012.4389_00048,65536,23.025863647460938,18.4132137298584,-4.508344650268555,0.8153785205355542,80.2259521484375,53.588897705078125,75.71760559082031,43.1259765625,51.64678955078125,0.7784576416015625,0.44583338499069214,0.9315130250700747,0.9694807613148558
lat+60.7081_lon+014.4537_00035,65536,23.111915588378906,18.687644958496094,-10.10427474975586,0.7288988794562519,67.75137329101562,44.38848114013672,57.647098541259766,36.955078125,44.371604919433594,0.8454132080078125,0.5208717584609985,0.887898204133201,0.9558162620702103
lat+59.0350_lon+011.8953_00023,65536,23.280109405517578,17.75206756591797,2.3177714347839355,0.7927925224383974,71.89349365234375,51.142539978027344,74.21126556396484,35.82279968261719,44.13765335083008,0.7794952392578125,0.5274432897567749,0.8450034256631105,0.9256141724576686
lat+59.2427_lon+012.1579_00022,65536,23.444923400878906,18.223430633544922,3.435605525970459,0.8317985265915046,72.98416137695312,57.165489196777344,76.41976928710938,29.9139404296875,37.93544006347656,0.7278594970703125,0.6180216670036316,0.8234837844070355,0.9204209555355234
lat+57.4842_lon+016.6536_00089,65536,23.568601608276367,18.230266571044922,15.602322578430176,0.648849297364304,39.014251708984375,39.77288055419922,54.6165771484375,15.702041625976562,23.02545738220215,0.58441162109375,1.0235888957977295,0.6603133159268929,0.8308877284595301
lat+65.3238_lon+017.8477_00051,65536,24.094751358032227,18.874788284301758,16.110984802246094,0.2830114395887471,47.42027282714844,28.455507278442383,63.53125762939453,24.617584228515625,28.53754997253418,0.89697265625,0.8443174362182617,0.691837915078933,0.9165759390310289
lat+63.3475_lon+016.2011_00079,65536,24.2011661529541,19.71855926513672,16.782726287841797,0.5001886002134865,62.10011291503906,34.23207473754883,78.88284301757812,29.028366088867188,32.43003463745117,0.9751739501953125,0.7462577819824219,0.7329171165250591,0.9197139682986747
lat+66.2111_lon+017.0172_00017,65536,24.285846710205078,19.315839767456055,9.90601634979248,0.40762609854939125,54.0301513671875,31.55406379699707,63.93616485595703,31.533966064453125,36.6739501953125,0.8396148681640625,0.6622097492218018,0.8274420717855521,0.9577101317582917
lat+58.2852_lon+012.5222_00090,65536,24.33262825012207,18.260812759399414,12.303455352783203,0.7708059695342511,62.931121826171875,50.826168060302734,75.23457336425781,23.846527099609375,31.376693725585938,0.7806396484375,0.7755000591278076,0.6367279124315872,0.8076231430805316
lat+66.8264_lon+018.5050_00072,65536,24.534141540527344,18.338346481323242,11.109457969665527,0.4678303653489423,41.7286376953125,33.6314697265625,52.838096618652344,23.382156372070312,30.192731857299805,0.689117431640625,0.8125843405723572,0.7311013684070679,0.9679597892033125
lat+62.0584_lon+016.9607_00043,65536,24.55034828186035,19.173641204833984,0.37498560547828674,0.6085973241657122,81.18247985839844,39.24151611328125,81.55746459960938,50.39973449707031,56.094905853271484,0.913421630859375,0.43765735626220703,0.9090742040025391,0.959306404730881
lat+58.2369_lon+015.1494_00071,65536,25.041671752929688,19.27618408203125,-6.818757057189941,0.8138949232282772,93.31106567382812,58.04759216308594,86.4923095703125,39.1943359375,46.34416198730469,0.8424072265625,0.5403414368629456,0.8550210114476163,0.9342486596145486
lat+64.3596_lon+016.5273_00041,65536,25.650880813598633,20.038177490234375,18.761951446533203,0.2737458707476128,37.020416259765625,30.099411010742188,55.782371520996094,17.9066162109375,23.03400421142578,0.908233642578125,1.1136093139648438,0.45981317832062096,0.7567286045495784
lat+59.2319_lon+011.9588_00012,65536,25.704343795776367,20.213438034057617,6.205612659454346,0.76849827982858,72.32914733886719,53.42313766479492,78.53475952148438,26.50592041015625,33.07075119018555,0.7911834716796875,0.7772530913352966,0.7120402692329946,0.8562419239744653
lat+59.9203_lon+018.5129_00082,65536,26.041481018066406,20.12439727783203,12.667864799499512,0.730063248700479,84.00222778320312,50.12272644042969,96.67008972167969,44.683135986328125,52.18947982788086,0.8330535888671875,0.49897950887680054,0.8831028482461764,0.9264401501969045
lat+63.9657_lon+015.8521_00040,65536,26.351301193237305,20.22836685180664,17.124958038330078,0.5579140235968733,51.27388000488281,39.63224792480469,68.39883422851562,28.304443359375,35.813011169433594,0.7879638671875,0.7358024716377258,0.710573199070488,0.8897753679318358
lat+64.7169_lon+016.6411_00067,65536,26.416351318359375,20.703277587890625,17.059032440185547,0.29459714272510895,50.581939697265625,31.452430725097656,67.6409683227539,29.807174682617188,35.03581237792969,0.8948974609375,0.7539814114570618,0.7634872459418905,0.9469035602237076
lat+59.4753_lon+013.5214_00057,65536,26.5648136138916,20.179367065429688,-4.1898322105407715,0.7913863412744998,73.337646484375,58.16147232055664,69.14781188964844,32.353057861328125,41.248470306396484,0.7491455078125,0.644019365310669,0.8098826788333062,0.9288333061756558
lat+57.4600_lon+015.2780_00013,65536,26.596168518066406,21.01325225830078,-8.712409973144531,0.7605976525220308,94.30685424804688,54.35692596435547,85.59445190429688,48.5958251953125,55.914798736572266,0.875579833984375,0.4756552577018738,0.8929978041894671,0.9542190930953958
lat+63.1090_lon+017.7733_00044,65536,26.692169189453125,20.786197662353516,9.43039608001709,0.5854338172308033,63.61102294921875,41.455955505371094,73.04141998291016,43.161224365234375,51.73047637939453,0.815887451171875,0.515985369682312,0.8507387319992519,0.9267813727323733
lat+56.4476_lon+013.4045_00077,65536,27.06122398376465,21.54107666015625,15.064910888671875,0.606240520020581,69.47698974609375,43.12527847290039,84.54190063476562,29.401199340820312,35.3017578125,0.9379119873046875,0.7665687203407288,0.640880472448631,0.8348219369743114
lat+57.1689_lon+014.6333_00080,65536,27.149248123168945,21.012849807739258,-7.640009880065918,0.7494902409371833,81.43609619140625,54.243221282958984,73.79608154296875,43.03504943847656,51.664817810058594,0.819854736328125,0.5254881381988525,0.871747627024009,0.9444258328680439
lat+63.1506_lon+018.3136_00093,65536,27.373031616210938,22.409706115722656,15.32076644897461,0.3799852443937686,82.20866394042969,34.763370513916016,97.52943420410156,47.11695861816406,50.7801628112793,0.94085693359375,0.5390496850013733,0.8986701265001622,0.9729970807654882
lat+58.0973_lon+013.3579_00061,65536,27.63087272644043,20.82788848876953,16.1035099029541,0.7016010462823046,46.058380126953125,50.581993103027344,62.161888122558594,21.372268676757812,32.80265808105469,0.669647216796875,0.8423364162445068,0.5488538486077564,0.697056008749943
lat+58.1751_lon+015.8133_00009,65536,27.699508666992188,22.0152587890625,-8.561653137207031,0.7542885626627364,83.19108581542969,55.88038635253906,74.62943267822266,42.32255554199219,51.17905807495117,0.8164520263671875,0.541227400302887,0.861027529108341,0.9281589324761246
lat+57.2294_lon+012.7489_00010,65536,28.03322982788086,22.254985809326172,11.201878547668457,0.6516367730402928,80.51834106445312,47.495994567871094,91.72021484375,32.40264892578125,36.81147384643555,0.9458770751953125,0.761535108089447,0.6917356305150913,0.8700898546516317
lat+56.0820_lon+013.5130_00047,65536,28.03929901123047,21.85730743408203,11.164117813110352,0.6653111146586381,86.94586181640625,48.467041015625,98.10997772216797,38.73260498046875,45.80160140991211,0.940093994140625,0.6121903657913208,0.7383217010225612,0.8906346372342152
lat+56.1580_lon+013.4007_00069,65536,28.251483917236328,22.201534271240234,13.627082824707031,0.6232459113424478,74.07038879394531,46.02695846557617,87.69747161865234,31.467147827148438,38.39741134643555,0.920318603515625,0.7357653379440308,0.6672248565838778,0.858623205225984
lat+64.1017_lon+018.4355_00029,65536,28.270397186279297,22.500965118408203,20.3190860748291,0.37922038690232096,48.958526611328125,35.88088607788086,69.2776107788086,27.137283325195312,33.6238899230957,0.814361572265625,0.8407830595970154,0.6579164324526888,0.8755855349447255
lat+63.5770_lon+018.4623_00060,65536,28.53679656982422,23.853816986083984,20.861530303955078,0.40297364746624154,73.55804443359375,36.93247985839844,94.41957092285156,36.92478942871094,40.746707916259766,0.9442138671875,0.700346052646637,0.7657401422107305,0.9343083387201034
lat+59.8198_lon+012.8188_00076,65536,28.726165771484375,23.366426467895508,-14.170544624328613,0.6470688921727138,108.64280700683594,48.35403060913086,94.4722671508789,58.592559814453125,64.15099334716797,0.9376373291015625,0.44778987765312195,0.9287376523621215,0.9682175462578724
lat+65.2132_lon+015.9358_00083,65536,30.21634864807129,25.017601013183594,22.189891815185547,0.19498276529000658,54.48072814941406,33.67746353149414,76.67062377929688,31.061386108398438,36.9266242980957,0.8763427734375,0.818280816078186,0.6685993871012675,0.8835318289455356
lat+58.0287_lon+015.4000_00063,65536,30.2584171295166,24.548053741455078,-12.609712600708008,0.6934894311710023,94.65838623046875,54.65419387817383,82.04867553710938,39.21861267089844,46.279441833496094,0.8627777099609375,0.6538198590278625,0.7920697522239711,0.9381886351979909
lat+65.4662_lon+019.7724_00006,65536,30.429885864257812,24.051652908325195,22.042510986328125,0.13618099997244204,46.50141906738281,32.74077224731445,68.54393005371094,26.010696411132812,31.603130340576172,0.82586669921875,0.9628756642341614,0.5936922622126968,0.8838592860838076
lat+64.9773_lon+016.5909_00094,65536,30.796213150024414,24.61735725402832,21.44631576538086,0.19485284364118716,52.8414306640625,34.320980072021484,74.28775024414062,26.708389282226562,32.06596374511719,0.845458984375,0.9604018926620483,0.5960511117528154,0.8910446144961016
lat+64.1198_lon+017.0719_00052,65536,30.823488235473633,25.27907371520996,22.261978149414062,0.22986500030525903,57.99676513671875,35.1235466003418,80.25874328613281,27.860794067382812,32.388484954833984,0.933746337890625,0.9516804814338684,0.5877046769291107,0.8197535706114979
lat+64.5499_lon+016.1106_00074,65536,30.86024284362793,24.70961570739746,23.06321144104004,0.3330306118837447,48.111175537109375,37.78734588623047,71.17438507080078,20.41656494140625,26.536333084106445,0.828704833984375,1.1629430055618286,0.4006812741668201,0.7468974406186706
lat+64.6135_lon+015.7162_00081,65536,30.9339599609375,26.408000946044922,24.878005981445312,-0.07411629715029866,61.53265380859375,29.847631454467773,86.41065979003906,32.98359680175781,36.57414627075195,0.9695892333984375,0.8457876443862915,0.6760933541066679,0.9322348645798908
lat+64.5763_lon+016.5147_00095,65536,32.16850280761719,26.152450561523438,24.9248046875,0.025939080286753957,46.812713623046875,32.59400939941406,71.73751831054688,24.836074829101562,30.223440170288086,0.8802642822265625,1.0643560886383057,0.4848931338730087,0.83346911889615
lat+59.2437_lon+017.7532_00025,65536,33.221641540527344,25.425762176513672,-1.007778286933899,0.6384464306180084,52.07560729980469,55.25031661987305,51.06782913208008,29.087921142578125,42.41847229003906,0.59320068359375,0.7831880450248718,0.753112460129643,0.8976746578866138
lat+57.8499_lon+016.0531_00008,65536,34.35831069946289,29.24549102783203,-20.023351669311523,0.5703079123116581,101.38125610351562,52.41469955444336,81.35790252685547,59.68702697753906,67.3707275390625,0.89306640625,0.5099887251853943,0.9222594313832696,0.9546541826134499
lat+65.0768_lon+019.9520_00049,65536,38.0132942199707,32.25690841674805,30.727705001831055,-0.7407577554533202,52.05609130859375,28.81153106689453,82.78379821777344,29.779647827148438,33.94414520263672,0.932952880859375,1.119877815246582,0.4794413005789801,0.8314579176343594
lat+64.4943_lon+020.7998_00055,65536,40.753543853759766,35.19561004638672,33.48744201660156,-0.153605237346516,69.57742309570312,37.94344711303711,103.06486511230469,38.55131530761719,43.83815383911133,0.903411865234375,0.9296364188194275,0.6223186839171706,0.8860250650271931
lat+65.9148_lon+021.7863_00085,65536,41.11510467529297,35.310428619384766,31.656429290771484,-0.22145581365810973,77.15193176269531,37.20167922973633,108.80836486816406,45.13690185546875,49.97811508178711,0.92156982421875,0.8226621747016907,0.7426981919332406,0.9225610967613749
lat+64.2736_lon+020.8900_00062,65536,42.77908706665039,36.595619201660156,34.861534118652344,-0.42781945277267086,65.8125,35.80097579956055,100.67403411865234,33.77117919921875,38.23396682739258,0.884735107421875,1.1188764572143555,0.5067607188437792,0.8611983029215964
lat+66.3442_lon+021.3938_00056,65536,43.43307876586914,36.349647521972656,35.053951263427734,-1.603955054059314,66.92958068847656,26.91558837890625,101.98353576660156,37.48374938964844,40.587284088134766,0.9738006591796875,1.0701154470443726,0.5422523073066015,0.932277221517103
lat+65.2206_lon+020.4830_00004,65536,44.00337219238281,37.976539611816406,36.923500061035156,-0.8379518667695132,59.32206726074219,32.457786560058594,96.24557495117188,33.113128662109375,37.45090866088867,0.9459381103515625,1.1749614477157593,0.40964302421241106,0.8497894923620408
lat+66.8698_lon+022.6742_00019,65536,44.9232177734375,37.246360778808594,34.26762390136719,-1.3550631279496628,59.75932312011719,29.273157119750977,94.02694702148438,35.85316467285156,39.78799819946289,0.9391937255859375,1.1290645599365234,0.4955890237364137,0.9194164189046482
lat+64.4238_lon+020.3414_00098,65536,45.66341018676758,40.264259338378906,39.222496032714844,-0.9077065137004217,74.95753479003906,33.06073760986328,114.1800308227539,40.38395690917969,43.77442932128906,0.9439239501953125,1.0431525707244873,0.5139425486170608,0.9290182829246213
lat+66.3368_lon+023.3686_00028,65536,45.93315124511719,38.288475036621094,37.374725341796875,-0.7402377019420388,56.09136962890625,34.819454193115234,93.46609497070312,30.864471435546875,36.33658218383789,0.858795166015625,1.2641021013259888,0.3609857503287019,0.8346895988060126
lat+66.6414_lon+023.0883_00099,65536,49.792415618896484,43.194854736328125,42.517120361328125,-1.7140256931988267,65.08293151855469,30.22429847717285,107.60005187988281,38.89410400390625,42.77579879760742,0.975555419921875,1.1640323400497437,0.39301467137986046,0.9135671160884662
lat+66.7664_lon+023.4599_00092,65536,58.697593688964844,51.74268341064453,51.35723876953125,-3.8133033408337322,63.70884704589844,26.754613876342773,115.06609344482422,35.497802734375,38.45897674560547,0.9672698974609375,1.526239037513733,0.23392910665551891,0.8109984067138868
lat+65.9399_lon+023.4564_00078,65536,60.48009490966797,53.680206298828125,53.19355773925781,-3.2085003306824893,61.17530822753906,29.4814453125,114.36886596679688,33.502105712890625,37.43375778198242,0.931884765625,1.6156564950942993,0.21369858527639507,0.7009104008383548
