tile,n_pixels,rmse,mae,bias,r2,true_mean,true_std,pred_mean
lat+67.9083_lon+017.4423_00050,65536,6.70217752456665,3.4082164764404297,2.3105392456054688,0.09361084339194914,0.998504638671875,7.039771556854248,3.309044122695923
lat+67.9602_lon+019.1191_00015,65536,6.748294353485107,3.21701717376709,0.5174446702003479,0.4104442703231739,2.0310211181640625,8.788840293884277,2.5484657287597656
lat+65.2071_lon+015.3209_00070,65536,12.394248962402344,7.469821929931641,4.507753372192383,0.8079018325924023,16.696334838867188,28.278644561767578,21.20408821105957
lat+65.2031_lon+014.7053_00065,65536,12.875828742980957,7.552248001098633,3.746415138244629,0.4284516632270359,7.0054931640625,17.031335830688477,10.751908302307129
lat+66.9127_lon+017.5199_00039,65536,13.205831527709961,8.135815620422363,1.2348331212997437,0.850453785447253,20.265243530273438,34.14900588989258,21.500076293945312
lat+67.8793_lon+022.8541_00021,65536,13.469185829162598,10.171854019165039,-0.67548006772995,0.6694440342045198,43.248992919921875,23.4271183013916,42.573509216308594
lat+67.5570_lon+019.0113_00001,65536,13.825669288635254,9.469959259033203,-6.235522747039795,0.3479761687024189,12.982421875,17.121997833251953,6.746899604797363
lat+66.6482_lon+018.6290_00066,65536,15.013215065002441,10.101566314697266,-2.672449827194214,0.7836298081148382,37.281829833984375,32.27565002441406,34.609378814697266
lat+65.1313_lon+015.2360_00018,65536,15.376782417297363,9.207330703735352,7.113066673278809,0.6829242914578466,17.5958251953125,27.307628631591797,24.708892822265625
lat+67.6523_lon+023.0615_00034,65536,15.398730278015137,11.681705474853516,0.7248234748840332,0.7112830330160163,44.54029846191406,28.65818977355957,45.26512145996094
lat+67.8024_lon+021.6098_00033,65536,15.655714988708496,12.001466751098633,-5.303528785705566,0.5575765589956607,39.37945556640625,23.53714942932129,34.075927734375
lat+63.9760_lon+012.7920_00054,65536,15.793150901794434,8.562395095825195,5.8377861976623535,0.34574643427552654,11.47747802734375,19.525211334228516,17.315265655517578
lat+64.8063_lon+013.9387_00091,65536,15.972931861877441,11.285590171813965,7.979872703552246,0.7125058038741372,19.454742431640625,29.78997230529785,27.434612274169922
lat+67.0971_lon+018.7902_00014,65536,16.356966018676758,9.761397361755371,-6.422008037567139,0.6975467557487606,21.261932373046875,29.742237091064453,14.839924812316895
lat+66.8264_lon+018.5050_00072,65536,16.360998153686523,10.963607788085938,-2.6384165287017822,0.7633383381330773,41.7286376953125,33.6314697265625,39.0902214050293
lat+65.9057_lon+016.6585_00053,65536,17.351369857788086,12.156085968017578,2.8289222717285156,0.8111154057820754,44.591583251953125,39.92413330078125,47.42050552368164
lat+66.4712_lon+018.1860_00059,65536,17.79990005493164,10.436156272888184,-2.9661436080932617,0.7539488218281732,24.508636474609375,35.88433074951172,21.54249382019043
lat+67.1878_lon+020.4789_00027,65536,18.096961975097656,13.742883682250977,-8.986306190490723,0.5984819607404723,52.803314208984375,28.559667587280273,43.81700897216797
lat+67.0744_lon+021.4346_00084,65536,18.157012939453125,13.65935230255127,-0.46009159088134766,0.6037972656629937,46.17912292480469,28.84600257873535,45.719032287597656
lat+66.2111_lon+017.0172_00017,65536,18.608333587646484,13.695562362670898,-2.028808355331421,0.652220215491125,54.0301513671875,31.55406379699707,52.0013427734375
lat+65.7008_lon+018.6209_00087,65536,19.082630157470703,14.415822982788086,7.669567108154297,0.6132334080480276,45.39695739746094,30.684125900268555,53.066524505615234
lat+55.4811_lon+013.1904_00024,65536,19.516857147216797,10.072205543518066,7.279719829559326,0.5511707562719164,10.302322387695312,29.131933212280273,17.582042694091797
lat+68.1915_lon+020.2047_00088,65536,23.04233741760254,16.93472671508789,-14.736808776855469,0.1818406087829073,28.827301025390625,25.474613189697266,14.09049129486084
lat+66.3442_lon+021.3938_00056,65536,24.44914436340332,20.223167419433594,13.864198684692383,0.17487533036715508,66.92958068847656,26.91558837890625,80.79377746582031
lat+66.8698_lon+022.6742_00019,65536,25.73892593383789,20.869503021240234,13.012994766235352,0.22688924438771663,59.75932312011719,29.273157119750977,72.77232360839844
lat+66.6414_lon+023.0883_00099,65536,25.939109802246094,21.36719512939453,17.373504638671875,0.2634577138726891,65.08293151855469,30.22429847717285,82.45643615722656
lat+64.6657_lon+014.1359_00075,65536,26.165271759033203,18.989673614501953,16.1739444732666,0.4821870129131507,41.14402770996094,36.36124801635742,57.317970275878906
lat+64.5377_lon+014.8876_00031,65536,26.170549392700195,20.66515350341797,17.416242599487305,0.45138267029759604,50.858428955078125,35.332801818847656,68.27467346191406
lat+65.2132_lon+015.9358_00083,65536,27.060457229614258,21.17591094970703,16.165298461914062,0.3543584668997347,54.48072814941406,33.67746353149414,70.64602661132812
lat+61.6339_lon+012.5742_00073,65536,27.72394371032715,18.635066986083984,17.94506072998047,0.165795820321756,24.005126953125,30.354202270507812,41.95018768310547
lat+66.3368_lon+023.3686_00028,65536,28.704025268554688,23.231103897094727,20.63005828857422,0.3204182589211728,56.09136962890625,34.819454193115234,76.72142028808594
lat+65.3238_lon+017.8477_00051,65536,29.1328067779541,23.51567840576172,19.840248107910156,-0.04817054169839463,47.42027282714844,28.455507278442383,67.2605209350586
lat+63.1528_lon+012.8403_00036,65536,29.757354736328125,20.156063079833984,18.4677734375,-0.1623491285206684,25.383544921875,27.601078033447266,43.851318359375
lat+65.4662_lon+019.7724_00006,65536,30.183359146118164,24.31852149963379,22.2437686920166,0.15012067439186239,46.50141906738281,32.74077224731445,68.74519348144531
lat+66.7664_lon+023.4599_00092,65536,31.259334564208984,26.80152130126953,24.09585952758789,-0.36509245835181137,63.70884704589844,26.754613876342773,87.80470275878906
lat+64.9773_lon+016.5909_00094,65536,31.891891479492188,25.4217586517334,22.480228424072266,0.13654203283037636,52.8414306640625,34.320980072021484,75.3216552734375
lat+58.5702_lon+014.6635_00058,65536,32.13127517700195,31.70541763305664,31.6904354095459,-2.1952659480420174,2.7984771728515625,17.975229263305664,34.488914489746094
lat+65.2206_lon+020.4830_00004,65536,33.80609893798828,28.9835147857666,27.276859283447266,-0.08480653768213231,59.32206726074219,32.457786560058594,86.59892272949219
lat+65.9148_lon+021.7863_00085,65536,33.96755599975586,27.53314971923828,20.882667541503906,0.16631197166203304,77.15193176269531,37.20167922973633,98.03459930419922
lat+58.5221_lon+012.8649_00045,65536,34.98830795288086,28.982017517089844,28.29874610900879,-0.045068916628412836,14.674423217773438,34.225555419921875,42.97317123413086
lat+65.9399_lon+023.4564_00078,65536,35.509708404541016,29.81167984008789,26.260143280029297,-0.4507635612474672,61.17530822753906,29.4814453125,87.43545532226562
lat+61.6184_lon+014.0826_00032,65536,35.526832580566406,29.845230102539062,29.3300838470459,-0.7267483659939702,34.951446533203125,27.03597068786621,64.28153228759766
lat+65.0768_lon+019.9520_00049,65536,36.19552230834961,30.57671356201172,28.326814651489258,-0.5782542169622578,52.05609130859375,28.81153106689453,80.38290405273438
lat+64.5499_lon+016.1106_00074,65536,36.76523971557617,30.67227554321289,30.064125061035156,0.05336617531923393,48.111175537109375,37.78734588623047,78.17530059814453
lat+58.2369_lon+015.1494_00071,65536,37.165626525878906,28.75499153137207,24.570730209350586,0.5900655041609046,93.31106567382812,58.04759216308594,117.88179779052734
lat+64.7169_lon+016.6411_00067,65536,37.42045974731445,30.94379425048828,28.510684967041016,-0.41549982752303016,50.581939697265625,31.452430725097656,79.0926284790039
lat+64.6135_lon+015.7162_00081,65536,37.48707580566406,32.89390563964844,31.48784065246582,-0.5774056473344151,61.53265380859375,29.847631454467773,93.02049255371094
lat+57.8499_lon+016.0531_00008,65536,37.947662353515625,28.855079650878906,22.700002670288086,0.47584001128949016,101.38125610351562,52.41469955444336,124.08126068115234
lat+58.7134_lon+016.7782_00064,65536,39.52211380004883,30.587139129638672,27.767724990844727,0.3251308243330623,58.9449462890625,48.10944747924805,86.71267700195312
lat+61.4803_lon+014.6401_00097,65536,39.807186126708984,34.93022155761719,34.082069396972656,-0.5081631145078325,61.73309326171875,32.41435241699219,95.8151626586914
lat+57.4600_lon+015.2780_00013,65536,39.9032096862793,31.63343048095703,26.934757232666016,0.46110284366259446,94.30685424804688,54.35692596435547,121.24160766601562
lat+59.3482_lon+013.3680_00026,65536,39.90680694580078,34.70536422729492,32.761558532714844,0.40589085478206954,34.04158020019531,51.774253845214844,66.80313873291016
lat+64.1017_lon+018.4355_00029,65536,39.97133255004883,33.145423889160156,31.893917083740234,-0.24099753353966036,48.958526611328125,35.88088607788086,80.85244750976562
lat+58.5880_lon+015.6400_00000,65536,40.45515060424805,34.57229232788086,32.782447814941406,0.4259540562316677,78.28706359863281,53.394989013671875,111.06951141357422
lat+59.8198_lon+012.8188_00076,65536,40.74394607543945,32.36848449707031,29.436792373657227,0.2899959987085602,108.64280700683594,48.35403060913086,138.07960510253906
lat+59.2563_lon+015.3601_00086,65536,40.81319808959961,30.773683547973633,29.287147521972656,0.3878342000208339,34.12077331542969,52.163421630859375,63.40792465209961
lat+59.4753_lon+013.5214_00057,65536,41.176727294921875,33.15477752685547,28.579147338867188,0.49877484280379014,73.337646484375,58.16147232055664,101.91679382324219
lat+63.9657_lon+015.8521_00040,65536,41.654380798339844,33.513267517089844,32.111141204833984,-0.1046481553469889,51.27388000488281,39.63224792480469,83.38502502441406
lat+58.1751_lon+015.8133_00009,65536,41.65980911254883,32.9237060546875,28.604299545288086,0.44420359241080754,83.19108581542969,55.88038635253906,111.79537963867188
lat+64.3596_lon+016.5273_00041,65536,42.70541763305664,36.06773376464844,35.673213958740234,-1.0130288801431147,37.020416259765625,30.099411010742188,72.69363403320312
lat+63.3935_lon+014.4350_00038,65536,42.86283874511719,36.63508605957031,34.69727325439453,-0.4189545284928291,62.11299133300781,35.98294448852539,96.81025695800781
lat+64.5763_lon+016.5147_00095,65536,43.031246185302734,36.59947967529297,35.73335266113281,-0.7429796631709091,46.812713623046875,32.59400939941406,82.54605865478516
lat+58.0287_lon+015.4000_00063,65536,43.15238571166992,34.973854064941406,32.08180236816406,0.3766059045124581,94.65838623046875,54.65419387817383,126.74018859863281
lat+57.1689_lon+014.6333_00080,65536,43.47346115112305,35.02384567260742,29.4488582611084,0.3576710960014843,81.43609619140625,54.243221282958984,110.88495635986328
lat+58.9563_lon+013.0949_00096,65536,43.47875213623047,36.652854919433594,35.74152755737305,-0.2302246131957324,24.276412963867188,39.19989013671875,60.017940521240234
lat+60.4972_lon+017.0285_00042,65536,44.45075607299805,39.226165771484375,37.55909729003906,-0.09807998618235336,95.39459228515625,42.41917037963867,132.9536895751953
lat+64.4238_lon+020.3414_00098,65536,44.55129623413086,39.85322570800781,38.783302307128906,-0.8159153750777031,74.95753479003906,33.06073760986328,113.74083709716797
lat+57.2128_lon+016.0797_00030,65536,44.70037078857422,37.597259521484375,34.7944450378418,0.03354409393253199,83.81546020507812,45.46949005126953,118.60990142822266
lat+61.5057_lon+014.7455_00005,65536,44.757076263427734,39.91517639160156,39.32686233520508,-0.8749192514025177,60.50306701660156,32.68665313720703,99.82992553710938
lat+64.1198_lon+017.0719_00052,65536,44.875362396240234,39.34235382080078,38.15256118774414,-0.6323723396328838,57.99676513671875,35.1235466003418,96.14932250976562
lat+63.5770_lon+018.4623_00060,65536,44.95546340942383,40.200286865234375,39.4859733581543,-0.4816582384355619,73.55804443359375,36.93247985839844,113.04402160644531
lat+64.4943_lon+020.7998_00055,65536,45.554237365722656,39.568782806396484,37.88168716430664,-0.4413983169838658,69.57742309570312,37.94344711303711,107.45911407470703
lat+59.2437_lon+017.7532_00025,65536,46.015438079833984,35.94565200805664,26.069425582885742,0.3063545157456281,52.07560729980469,55.25031661987305,78.14503479003906
lat+58.5547_lon+011.5871_00007,65536,46.0916748046875,37.8903694152832,34.125213623046875,0.22993227572262354,72.26353454589844,52.52402877807617,106.38874816894531
lat+59.5245_lon+012.4389_00048,65536,46.32558059692383,40.7276611328125,39.90739059448242,0.2527049325966588,80.2259521484375,53.588897705078125,120.13334655761719
lat+57.0668_lon+015.7669_00046,65536,46.682762145996094,40.3973388671875,37.18928527832031,-0.7585203604300748,90.31465148925781,35.2032585144043,127.50393676757812
lat+64.2736_lon+020.8900_00062,65536,46.77324295043945,40.474334716796875,38.648475646972656,-0.7068887617326403,65.8125,35.80097579956055,104.46097564697266
lat+62.2352_lon+014.5236_00068,65536,46.789676666259766,41.39469528198242,41.251739501953125,-1.0955933430479803,37.12359619140625,32.32187271118164,78.37533569335938
lat+62.9300_lon+016.0267_00016,65536,47.54999542236328,41.21073913574219,39.831398010253906,-0.19021559833527757,72.23373413085938,43.585060119628906,112.06513214111328
lat+60.7081_lon+014.4537_00035,65536,47.63826370239258,41.70795440673828,41.234153747558594,-0.15178468153435065,67.75137329101562,44.38848114013672,108.98552703857422
lat+59.9203_lon+018.5129_00082,65536,47.7773551940918,41.19156265258789,38.853187561035156,0.091395514040852,84.00222778320312,50.12272644042969,122.85541534423828
lat+63.3475_lon+016.2011_00079,65536,47.97507858276367,43.07826232910156,42.46415710449219,-0.9641062698919578,62.10011291503906,34.23207473754883,104.56427001953125
lat+62.7054_lon+016.4458_00011,65536,48.641082763671875,42.26017761230469,41.61115264892578,-0.015109079462977348,64.02476501464844,48.27773666381836,105.63591003417969
lat+57.4842_lon+016.6536_00089,65536,49.210655212402344,43.2384147644043,42.72032165527344,-0.5308906441641335,39.014251708984375,39.77288055419922,81.73457336425781
lat+58.2852_lon+012.5222_00090,65536,49.73575973510742,41.41193771362305,40.25498580932617,0.04244710001536689,62.931121826171875,50.826168060302734,103.18610382080078
lat+57.1454_lon+014.4573_00003,65536,49.920536041259766,42.62914276123047,40.059661865234375,-0.3408174952004015,80.29119873046875,43.11162567138672,120.35086059570312
lat+63.1506_lon+018.3136_00093,65536,49.945472717285156,45.0599479675293,43.92245101928711,-1.064184462855731,82.20866394042969,34.763370513916016,126.131103515625
lat+59.2427_lon+012.1579_00022,65536,51.33417892456055,44.835243225097656,44.219642639160156,0.19360947726945021,72.98416137695312,57.165489196777344,117.20381164550781
lat+56.0820_lon+013.5130_00047,65536,51.916221618652344,43.14977264404297,39.18985366821289,-0.14739538415456854,86.94586181640625,48.467041015625,126.13571166992188
lat+62.0584_lon+016.9607_00043,65536,52.80819320678711,46.80489730834961,45.24074935913086,-0.8109691829427454,81.18247985839844,39.24151611328125,126.42322540283203
lat+61.4486_lon+016.2067_00037,65536,53.14813995361328,47.49449920654297,47.01728057861328,-0.5391935129189669,76.81929016113281,42.839210510253906,123.83656311035156
lat+59.0350_lon+011.8953_00023,65536,54.197811126708984,47.775108337402344,46.96058654785156,-0.12304939303663875,71.89349365234375,51.142539978027344,118.85408020019531
lat+59.2319_lon+011.9588_00012,65536,54.4332160949707,47.22870635986328,46.52391815185547,-0.038171655126716386,72.32914733886719,53.42313766479492,118.85306549072266
lat+60.3117_lon+013.8347_00020,65536,54.59528350830078,49.114463806152344,48.60822296142578,-0.6121885763492136,63.17085266113281,42.99789810180664,111.7790756225586
lat+56.1580_lon+013.4007_00069,65536,55.54166793823242,46.68701171875,43.79030227661133,-0.45617403021078684,74.07038879394531,46.02695846557617,117.86068725585938
lat+58.0973_lon+013.3579_00061,65536,55.55474090576172,44.39720916748047,43.17996597290039,-0.20628616729447935,46.058380126953125,50.581993103027344,89.23834991455078
lat+63.1090_lon+017.7733_00044,65536,55.810325622558594,47.83594512939453,46.274105072021484,-0.8124049453289144,63.61102294921875,41.455955505371094,109.8851318359375
lat+57.2294_lon+012.7489_00010,65536,56.155677795410156,48.119102478027344,46.49984359741211,-0.3978911998334207,80.51834106445312,47.495994567871094,127.0181884765625
lat+62.4412_lon+015.6524_00002,65536,58.211055755615234,53.447486877441406,52.94830322265625,-1.6656547756346423,66.74761962890625,35.65361022949219,119.6959228515625
lat+56.4476_lon+013.4045_00077,65536,59.518653869628906,51.02406311035156,49.24810028076172,-0.9047692685658273,69.47698974609375,43.12527847290039,118.72509002685547
